{"i":1000,"val_loss_history":[1.8367281822979],"val_loss_history_it":[1000],"forward_backward_times":{},"opt":{"max_epochs":50,"checkpoint_every":1000,"batch_size":50,"memory_benchmark":0,"init_from":"","grad_clip":5,"model_type":"lstm","lr_decay_every":5,"print_every":1,"wordvec_size":64,"seq_length":50,"input_json":"data\/icd10cm_codes_2016.json","num_layers":2,"input_h5":"data\/icd10cm_codes_2016.h5","reset_iterations":1,"rnn_size":128,"dropout":0,"checkpoint_name":"cv\/checkpoint","batchnorm":0,"learning_rate":0.002,"speed_benchmark":0,"gpu_backend":"cuda","lr_decay_factor":0.5,"gpu":-1},"train_loss_history":[4.3271851539612,4.2239594459534,4.0533165931702,3.8457300662994,3.6890776157379,3.5480601787567,3.4478440284729,3.4404215812683,3.4033772945404,3.3461163043976,3.3503520488739,3.3575081825256,3.3467898368835,3.3270082473755,3.3350758552551,3.3363864421844,3.2857542037964,3.3410887718201,3.2796897888184,3.2896754741669,3.2772543430328,3.277304649353,3.2559626102448,3.2745757102966,3.2079801559448,3.2676293849945,3.2190735340118,3.2281847000122,3.2012181282043,3.174414396286,3.2119483947754,3.1258494853973,3.1808822154999,3.1111257076263,3.1040422916412,3.1334342956543,3.0356385707855,3.0546309947968,3.0291533470154,2.9891211986542,2.9814801216125,2.9739916324615,2.9322092533112,2.9027273654938,2.924379825592,2.8833150863647,2.8774771690369,2.8028733730316,2.8252630233765,2.799978017807,2.7765951156616,2.7544546127319,2.7548143863678,2.6917598247528,2.7046329975128,2.6635563373566,2.6596641540527,2.6233537197113,2.6074235439301,2.5678114891052,2.5907759666443,2.5428771972656,2.5719878673553,2.515118598938,2.515022277832,2.4808020591736,2.4889492988586,2.4639866352081,2.4420607089996,2.427797794342,2.398576259613,2.4346933364868,2.3653237819672,2.3573489189148,2.3867988586426,2.3412520885468,2.3168962001801,2.3692982196808,2.2576413154602,2.3041684627533,2.3059909343719,2.2335093021393,2.242169380188,2.2535581588745,2.2466039657593,2.2094829082489,2.2049515247345,2.2144167423248,2.1172761917114,2.2185196876526,2.1213934421539,2.1631555557251,2.1074969768524,2.1027467250824,2.1095259189606,2.0889930725098,2.1060152053833,2.0923407077789,2.0262644290924,2.0858993530273,2.0155801773071,2.0309720039368,2.0049681663513,1.9918586015701,2.0047626495361,1.9858244657516,1.9634283781052,1.9062873125076,1.9626976251602,1.8779562711716,1.9556493759155,1.9199460744858,1.898512840271,1.8898038864136,1.8057154417038,1.8617329597473,1.8524675369263,1.8317837715149,1.8175054788589,1.813191652298,1.8442548513412,1.7561031579971,1.7646404504776,1.7467600107193,1.846217751503,1.7097425460815,1.7247165441513,1.6941117048264,1.8050659894943,1.6722390651703,1.7995127439499,1.6677227020264,1.7132577896118,1.7079646587372,1.6535433530807,1.7355462312698,1.6914826631546,1.6866859197617,1.6288039684296,1.681982755661,1.6460359096527,1.6451783180237,1.6405123472214,1.5982886552811,1.6140216588974,1.5589810609818,1.6087779998779,1.620919585228,1.5906270742416,1.5930972099304,1.5304001569748,1.6102689504623,1.4813797473907,1.6102819442749,1.4950004816055,1.540261387825,1.5350921154022,1.5348508358002,1.4917329549789,1.4939905405045,1.4739248752594,1.4527673721313,1.4720871448517,1.4190237522125,1.520921587944,1.4928851127625,1.452388882637,1.4757521152496,1.4371240139008,1.4253371953964,1.4077378511429,1.4492892026901,1.4610538482666,1.3578058481216,1.4152488708496,1.492201924324,1.3679001331329,1.4555485248566,1.3775911331177,1.4468597173691,1.3554735183716,1.3962001800537,1.3434126377106,1.3554096221924,1.3568247556686,1.399111866951,1.3687398433685,1.4123003482819,1.3611011505127,1.3123503923416,1.4605652093887,1.3454335927963,1.3659573793411,1.3420623540878,1.3711334466934,1.3282684087753,1.2779223918915,1.3252345323563,1.2687357664108,1.2834187746048,1.2996755838394,1.3050758838654,1.2625695466995,1.2857047319412,1.3687909841537,1.2306162118912,1.2581416368484,1.2486228942871,1.2368030548096,1.2221411466599,1.2568154335022,1.1819287538528,1.298409819603,1.172199845314,1.161672949791,1.225844502449,1.2039575576782,1.1559410095215,1.1968665122986,1.1853034496307,1.1894013881683,1.1268225908279,1.1619127988815,1.142019033432,1.1853537559509,1.124653339386,1.2140905857086,1.0956918001175,1.0762748718262,1.1317268610001,1.0712321996689,1.1182322502136,1.1813498735428,1.0979106426239,1.1276344060898,1.0906509160995,1.1289638280869,1.1052801609039,1.1112614870071,1.123234629631,1.0632734298706,1.1184170246124,1.1529930830002,1.1116743087769,1.1336878538132,1.1658154726028,1.0816314220428,1.1259804964066,1.0754194259644,1.1182097196579,1.1583458185196,1.0932693481445,1.1224853992462,1.1404980421066,1.1487463712692,1.1228297948837,1.1717373132706,1.1287534236908,1.1390129327774,1.0965669155121,1.1203329563141,1.1166335344315,1.0698449611664,1.1055825948715,1.0530186891556,1.0685725212097,1.0925000905991,1.068079829216,1.0363198518753,1.0823138952255,1.032044172287,1.0718417167664,1.0259391069412,1.0677477121353,1.0826591253281,1.0571519136429,1.0115275382996,1.1164667606354,0.97665959596634,1.0621577501297,0.98896795511246,1.0059876441956,1.0555113554001,0.9373140335083,1.0196205377579,1.0062752962112,1.0208321809769,1.0227544307709,0.95542138814926,1.0655163526535,1.0147470235825,1.0028041601181,1.0448458194733,0.90476155281067,0.96839904785156,1.0010602474213,0.98720663785934,0.95757502317429,0.96025878190994,0.90352541208267,1.0353044271469,0.94090837240219,0.96225106716156,0.97222727537155,0.99346876144409,0.97831749916077,1.0365878343582,1.0651794672012,0.9361200928688,0.96612042188644,0.99423241615295,1.0195401906967,0.90683966875076,1.0134500265121,0.95178991556168,0.96236133575439,0.97718662023544,0.9917967915535,0.97454571723938,1.0461395978928,1.0110913515091,0.95999026298523,0.97748816013336,0.94132566452026,0.90902179479599,0.96427756547928,0.94123983383179,0.94520944356918,0.9587978720665,0.93114823102951,0.97753602266312,0.96947449445724,0.92834657430649,0.95296835899353,0.94947022199631,0.95612668991089,0.8942551612854,1.0071324110031,0.90238213539124,0.95023107528687,0.9752282500267,1.0103379487991,0.91824179887772,0.96557331085205,0.9556947350502,0.84844446182251,0.96932345628738,0.86931347846985,0.9873560667038,0.92499208450317,1.0007591247559,0.93921881914139,0.93973249197006,0.9146853685379,0.91164970397949,0.93082219362259,0.8627068400383,0.89754199981689,0.97970592975616,0.91875666379929,0.92786973714828,0.92432588338852,0.91794764995575,0.93021208047867,0.90229493379593,0.94449532032013,0.89685654640198,0.89532607793808,0.92090320587158,0.84842079877853,0.8798633813858,0.87287020683289,0.88216233253479,0.88956320285797,0.86645352840424,0.83902370929718,0.87000381946564,0.8025575876236,0.89463078975677,0.84266024827957,0.8823949098587,0.85655808448792,0.82899230718613,0.86389791965485,0.82423055171967,0.84629958868027,0.85413819551468,0.83206707239151,0.78402268886566,0.86743253469467,0.79321014881134,0.87902283668518,0.83393400907516,0.85842859745026,0.80787992477417,0.81115001440048,0.84292286634445,0.9614269733429,0.87955808639526,0.84705185890198,0.85730701684952,0.83294266462326,0.87543153762817,0.83901560306549,0.79874455928802,0.79831051826477,0.82617831230164,0.81859940290451,0.82584118843079,0.78656154870987,0.82674884796143,0.78238940238953,0.79059398174286,0.76971173286438,0.77160406112671,0.83142822980881,0.80480241775513,0.83072382211685,0.72791939973831,0.83483839035034,0.78645378351212,0.78905421495438,0.8070142865181,0.84676706790924,0.75942999124527,0.82636260986328,0.83726191520691,0.79268312454224,0.79133093357086,0.75103563070297,0.76380491256714,0.7387655377388,0.77904236316681,0.79667621850967,0.72088688611984,0.77785015106201,0.73038947582245,0.761898458004,0.72099047899246,0.78687018156052,0.70044755935669,0.75282645225525,0.74834960699081,0.81229543685913,0.82947772741318,0.73662108182907,0.76298522949219,0.80050402879715,0.78850376605988,0.73020625114441,0.78278166055679,0.74386286735535,0.74314266443253,0.78185778856277,